epoch,stage,train_acc,train_loss,test_full,test_100,flops_T,time_s,sparsity,E_airplane,C_airplane,acc_airplane,E_automobile,C_automobile,acc_automobile,E_bird,C_bird,acc_bird,E_cat,C_cat,acc_cat,E_deer,C_deer,acc_deer,E_dog,C_dog,acc_dog,E_frog,C_frog,acc_frog,E_horse,C_horse,acc_horse,E_ship,C_ship,acc_ship,E_truck,C_truck,acc_truck
1,0,0.5649,1.2644866114616393,0.6036,0.604,0.22347924,12.814743280410767,0.0,0.0,0.0,0.74,0.0,0.0,0.82,0.0,0.0,0.49,0.0,0.0,0.3,0.0,0.0,0.64,0.0,0.0,0.74,0.0,0.0,0.51,0.0,0.0,0.47,0.0,0.0,0.79,0.0,0.0,0.54
2,0,0.716,0.8309708366394043,0.6331,0.644,0.44695848,25.731011152267456,0.0,0.0,0.0,0.77,0.0,0.0,0.98,0.0,0.0,0.66,0.0,0.0,0.46,0.0,0.0,0.48,0.0,0.0,0.41,0.0,0.0,0.56,0.0,0.0,0.69,0.0,0.0,0.75,0.0,0.0,0.68
3,0,0.7634,0.6974306091308594,0.6616,0.652,0.67043772,38.59271597862244,0.0,0.0,0.0,0.65,0.0,0.0,0.42,0.0,0.0,0.63,0.0,0.0,0.28,0.0,0.0,0.67,0.0,0.0,0.67,0.0,0.0,0.74,0.0,0.0,0.82,0.0,0.0,0.68,0.0,0.0,0.96
4,0,0.7941,0.6042775358200073,0.725,0.725,0.89391696,51.26003623008728,0.0,0.0,0.0,0.64,0.0,0.0,0.7,0.0,0.0,0.68,0.0,0.0,0.65,0.0,0.0,0.67,0.0,0.0,0.78,0.0,0.0,0.57,0.0,0.0,0.82,0.0,0.0,0.86,0.0,0.0,0.88
5,0,0.8248,0.522877859210968,0.6877,0.701,1.1173962,64.00309610366821,0.0,0.0,0.0,0.69,0.0,0.0,0.95,0.0,0.0,0.86,0.0,0.0,0.71,0.0,0.0,0.59,0.0,0.0,0.52,0.0,0.0,0.75,0.0,0.0,0.83,0.0,0.0,0.78,0.0,0.0,0.33
6,1,0.75984,0.7215153774833679,0.7082,0.713,1.1365073348214285,80.16099643707275,0.9315868988227146,0.7466391537252965,0.3231860618819768,0.7,0.363258158433744,0.6468427712790187,0.79,0.9300131561538699,0.2003969257241305,0.62,1.1693147475622139,0.07149062716231054,0.62,0.8379050850944252,0.2344262138845361,0.61,0.8616583009882431,0.23332000233717642,0.53,0.6558072588558556,0.37734298526822607,0.88,0.6780348620805129,0.3468391366198431,0.79,0.5442514250302041,0.4830980646538035,0.88,0.5503577463119766,0.4879527656760599,0.71
7,1,0.80592,0.5766648273086548,0.7194,0.725,1.1522292051020409,96.3642635345459,0.9437196214534742,0.5976930331932951,0.4300645646278043,0.67,0.3018583681218193,0.6970126450962235,0.88,0.7745526891809945,0.3024692325947844,0.87,1.0004714932672831,0.13424373478913793,0.6,0.7536663001270166,0.28135987794102757,0.55,0.7240803643528905,0.32041480099516256,0.79,0.515926966025513,0.5039512432199351,0.72,0.5285562305350084,0.4853138639686667,0.77,0.41498752920745813,0.5903215751037648,0.84,0.3694253542997437,0.6324611600768771,0.56
8,1,0.82744,0.5099225735282898,0.725,0.707,1.1670508616071429,113.27876782417297,0.9469421624841677,0.4857397394977054,0.5257076944167517,0.67,0.22806800650117537,0.7795296017245108,0.83,0.7294361007076745,0.3378921625945641,0.6,0.9379086702757952,0.15435605374526004,0.65,0.6413671653337625,0.38555629711065975,0.48,0.6796692892604944,0.36588652553607004,0.58,0.4670598097525689,0.533418473730586,0.64,0.5171119272138696,0.49059591493664345,0.93,0.37038071772881914,0.6344515360435661,0.94,0.33262987049980736,0.6764108160491653,0.75
9,1,0.83336,0.482162624168396,0.6682,0.655,1.1810854760204081,129.4399449825287,0.9497595770837046,0.5098909535825404,0.5228386459663055,0.65,0.2057278995031856,0.7892034954533642,0.43,0.649914088906074,0.37779588297921785,0.63,0.8817059782390692,0.19111113082997652,0.34,0.5972386166757467,0.4226098407287987,0.48,0.639940810788955,0.3939212222716638,0.72,0.4694055800459215,0.5391612337636096,0.69,0.44093911990770424,0.5619746987679403,0.91,0.3315236005666001,0.6757763530108698,0.94,0.339621762897135,0.6585153231245219,0.76
10,1,0.81632,0.5439927880477905,0.7608,0.769,1.1933747654336735,145.6293489933014,0.9560074057410777,0.5056428853422403,0.5133944574591457,0.89,0.2824990940794402,0.7143911339341629,0.81,0.7237457793434056,0.33094146642453814,0.81,0.9821888886544169,0.1595521030985579,0.76,0.702558437058208,0.3554058094337887,0.79,0.7062740819528699,0.33582356623468956,0.62,0.49430195922602194,0.5240788858535946,0.58,0.4968099117716204,0.5255434296131895,0.72,0.39475839387397377,0.6093684413603374,0.85,0.38702757741153543,0.6283079301273184,0.86
11,1,0.86864,0.39649524750709536,0.7678,0.765,1.2046876894132654,162.65320491790771,0.9595025507350325,0.37365139283391896,0.6285203626113278,0.49,0.185957400234053,0.8143877757377372,0.93,0.5740765630818752,0.43876786260124373,0.88,0.7620342690877768,0.2643198224202711,0.42,0.4966567587404398,0.5128147483563373,0.68,0.5695757385799471,0.4467154832138699,0.78,0.3883976204634397,0.6148053561574874,0.85,0.3839345549765442,0.6230379483206387,0.96,0.26111230405275615,0.7391818314885759,0.84,0.26435600660209146,0.7385751758797132,0.82
12,1,0.87384,0.36858461242675783,0.7579,0.78,1.2170125428571428,178.76993942260742,0.9558800953721606,0.3368172447472735,0.6678566796258472,0.81,0.16713222863002242,0.8331999194694097,0.86,0.4914858644752174,0.5226198575288361,0.74,0.7178853010112534,0.30309093466066583,0.39,0.4521220531694743,0.5534858364535837,0.79,0.5372487562423458,0.4805315793396867,0.88,0.3531754653786822,0.6468245346213177,0.81,0.3443847500567077,0.6675620898889492,0.84,0.23270185412696506,0.7719501406025636,0.86,0.24194322865603643,0.7529547305276371,0.82
13,1,0.87272,0.37818164344787597,0.7553,0.746,1.228681668494898,194.84197068214417,0.9582274375454108,0.39321878025954476,0.6039231460047315,0.58,0.15527796289412363,0.8415759506855447,0.44,0.5087332385212031,0.521709585647878,0.88,0.7110375118042741,0.3093009237580153,0.51,0.48357665278397655,0.5303664142265916,0.81,0.5139220193294542,0.4917141964887174,0.67,0.3308372657160436,0.6694510644545294,0.81,0.3954300098216199,0.6152416483537123,0.87,0.24674363048005926,0.7571960115016495,0.93,0.29122253476014853,0.7151388202185686,0.96
14,1,0.8648,0.40287487772464753,0.7922,0.799,1.2398866400510202,211.3341429233551,0.9598889935150227,0.4372287667546497,0.5803741750649499,0.77,0.17843968573139804,0.8231224340152967,0.79,0.5038472727720379,0.49048973615186253,0.81,0.7160896776738216,0.3225426592540984,0.72,0.488230420352549,0.5207027102231371,0.84,0.5266204286504499,0.4839141887151731,0.85,0.3839018855542978,0.6200064877091197,0.78,0.37921847758472577,0.6179923297533271,0.68,0.27081533424702964,0.741878778861547,0.8,0.26886538128375687,0.740908948427223,0.95
15,1,0.9024,0.28755615044593813,0.7841,0.797,1.2497542749999997,227.91834688186646,0.9646763253750839,0.2947378225092377,0.7062751085554458,0.71,0.13828511012033398,0.861714889879666,0.8,0.3825216326121317,0.6196826827826396,0.64,0.5817210436323468,0.4368417282037589,0.72,0.3428844381884045,0.6532161201217345,0.76,0.4195556424140018,0.5830600910002783,0.81,0.2922161433772108,0.7114748517467108,0.87,0.27107129395554524,0.7289287060444547,0.94,0.18182129946499304,0.8130766597186805,0.8,0.18878592939914338,0.8069705677893468,0.92
16,2,0.8122666666666667,0.5690516667524974,0.791,0.807,1.2635047547021274,246.50206327438354,0.9589805904652035,0.6312978559827551,0.40604519306662235,0.84,0.3181359927461671,0.6918826958209742,0.68,0.7378266248762846,0.316851471793501,0.88,0.9311073359022749,0.1640397386347994,0.59,0.6558817457962544,0.37448069082295643,0.73,0.7081063995018918,0.3327595529087046,0.83,0.48861477127338343,0.5346187200357623,0.86,0.49087203236970495,0.52423414749668,0.97,0.3986444341930303,0.6079923279187147,0.72,0.4575316189174005,0.5826823423794927,0.97
17,2,0.8528666666666667,0.43375299428304037,0.7852,0.79,1.275483557723404,265.65299129486084,0.9642657247230162,0.4582406827744017,0.5453049981847723,0.85,0.2324651670359828,0.7657988027912228,0.64,0.5869958935741414,0.43922083303332327,0.7,0.7580190221838494,0.2924379902158646,0.28,0.5130929127414809,0.4968335676938295,0.79,0.6105049315087022,0.41401628086620823,0.87,0.37774870235552177,0.6348130379109941,0.94,0.41704368403458847,0.5899605800258987,0.94,0.30176732561531217,0.7028418975069802,0.91,0.3139423877525916,0.6969587579795575,0.98
18,2,0.8634666666666667,0.4002029947121938,0.8377,0.837,1.287020691297872,284.2746071815491,0.9655832802054513,0.43396024772144376,0.5708538484858706,0.76,0.2320884974004491,0.7726775346358655,0.83,0.5256727625556449,0.4838703930536483,0.8,0.7317907996317173,0.31687284647784336,0.69,0.4647048826864425,0.5399667954508295,0.89,0.5761792138932234,0.447857219448432,0.84,0.3619777533839992,0.6449770423722394,0.87,0.38831601135749766,0.6184654566281019,0.88,0.28637391454837424,0.7230163315588489,0.94,0.26539656118826666,0.7400663455274511,0.87
19,2,0.8773333333333333,0.3575886629581451,0.835,0.826,1.2988942460212765,303.3379933834076,0.9645796936264137,0.3977611548564535,0.6046599548706348,0.73,0.18367361614195069,0.8165633622874784,0.93,0.4668994619134576,0.5411104547573213,0.83,0.6636848152000854,0.36350278534153674,0.62,0.429926802677677,0.5732224449990911,0.75,0.5417459274226046,0.47317160247488227,0.7,0.3100683327367965,0.6878407033517006,0.89,0.3165123440959352,0.6814984769421689,0.93,0.25202005583238096,0.7595265737080827,0.96,0.24657149535276868,0.755174932913716,0.92
20,2,0.8886,0.3295905721028646,0.8254,0.821,1.3102312838085104,322.0237522125244,0.9661801910929646,0.3618405310476714,0.6384718079436966,0.88,0.16258068531643266,0.83963770622377,0.95,0.454705313636743,0.5598968067424411,0.67,0.6226718105692812,0.39402889753592774,0.48,0.3817666936269466,0.6201960086981033,0.73,0.4722308336142847,0.5374493726033797,0.88,0.2911990535009573,0.7092214859288899,0.91,0.2986361072735583,0.7034647256452986,0.97,0.2331617145838731,0.7693349718036963,0.87,0.20949400903340032,0.792420794999108,0.87
21,2,0.9011333333333333,0.28639523785909016,0.8174,0.8,1.321018993255319,340.94970202445984,0.9678189065889418,0.3121035667076865,0.6884272139222223,0.7,0.14998130722511982,0.8500186927748802,0.95,0.3927265168980081,0.6112836252660193,0.91,0.5583256879068436,0.4462161697922869,0.43,0.3172415364216617,0.6828746769101696,0.78,0.44546414382280186,0.5569654267202032,0.63,0.23413581844280534,0.7660645495456188,0.87,0.26234359940355445,0.7387130377516943,0.93,0.20573420707096762,0.7915274708333643,0.93,0.20096311132297257,0.8034844315371803,0.87
22,2,0.902,0.2875636668364207,0.8463,0.845,1.3324144592978717,359.4494161605835,0.9660058922622877,0.3273824815777071,0.6758198106819961,0.91,0.15523988992500426,0.8506077482863474,0.87,0.3736935790667826,0.6302932224256245,0.76,0.5464262977876562,0.46964014435702184,0.68,0.34435700438916683,0.6636599821533928,0.85,0.4216979424211573,0.5850398239461665,0.76,0.22044786344817344,0.7672132304057162,0.88,0.25924074689837845,0.7428695583398989,0.97,0.198634954561737,0.8079228113583745,0.87,0.19875713234613748,0.8036306931327613,0.9
23,2,0.9095333333333333,0.26259379574457803,0.8647,0.871,1.342629194914893,378.19688963890076,0.9695281595521764,0.27710236222582296,0.7236544295788763,0.82,0.12684678930747897,0.8688978915435849,0.92,0.37125881884167805,0.63071782539024,0.85,0.5585235369966385,0.45452588137159955,0.79,0.31175181424007453,0.6989852675514177,0.91,0.40436760711661995,0.5984230377116895,0.74,0.24923993196744632,0.7597449087096934,0.84,0.22553335890332435,0.7748185403248731,0.96,0.17135800776428523,0.8250295434216474,0.96,0.18268791896865724,0.805941862470292,0.92
24,2,0.9204,0.2353640508333842,0.8312,0.826,1.3534528921063824,396.67499804496765,0.9677115506225117,0.24695711694657801,0.7536927760836292,0.76,0.12860806056086926,0.8721819875919732,0.94,0.31514697175354084,0.6936523143380405,0.58,0.4722060129204963,0.536497194034622,0.79,0.2580597603257666,0.7419402396742334,0.89,0.38403240162879226,0.6222148606157366,0.79,0.17915837969110804,0.8126142988667546,0.94,0.19401459946752864,0.801914950642497,0.86,0.14733224159442235,0.8484124392566414,0.87,0.1532577229396222,0.847827882580261,0.84
25,2,0.9148,0.24519255177179972,0.8334,0.828,1.364310168234042,415.4936616420746,0.9676113804346818,0.2692188604457423,0.7316298741867092,0.77,0.13963203356346485,0.8603679664365351,0.93,0.3098825708596393,0.6933219884056598,0.87,0.47628150391293333,0.532225812757586,0.82,0.2610110930355385,0.7336820868051988,0.86,0.3583582239463291,0.6441808020299736,0.52,0.20523615180257154,0.7982010796467992,0.87,0.20617838671648914,0.7938216132835109,0.94,0.18778469963048763,0.8162658697009046,0.93,0.1959966805818035,0.8084247853730785,0.77
26,3,0.86672,0.4058509279346466,0.8427,0.85,1.3746297210401643,431.58109068870544,0.9630585720405263,0.4490012765900061,0.5652634675652549,0.87,0.19026544569968054,0.8112912919908752,0.92,0.5202195976970109,0.493052748585481,0.84,0.6808646232155817,0.3539042549816017,0.66,0.4458075978184993,0.5719166199904772,0.88,0.5720389876324607,0.4484954079308984,0.77,0.3351708620154698,0.66866704639361,0.93,0.35581224337600326,0.6486999018269838,0.96,0.2964174700639572,0.7125531974490922,0.91,0.24711466669366333,0.753849929261582,0.76
27,3,0.88512,0.33596319511413575,0.8388,0.84,1.3838065544585318,447.89360070228577,0.9671492227434909,0.34560110718867154,0.6616314414422959,0.78,0.17597872007116291,0.8260956444255741,0.95,0.4505653290306123,0.5659306937144423,0.84,0.613936885925276,0.3965525340897088,0.88,0.36588731334706276,0.6437593797074479,0.81,0.47427293982318774,0.535990422886169,0.75,0.2958152016745975,0.6997699029660518,0.84,0.2814574930543669,0.7223138035149124,0.84,0.2423629841477104,0.7592283035576527,0.85,0.24948860208114268,0.7538453362839372,0.86
28,3,0.90592,0.2747964430332184,0.8413,0.834,1.3922921028003687,464.4773383140564,0.9696238510858124,0.34388343422977746,0.662787934237787,0.91,0.1345424413286857,0.8603555178549878,0.92,0.359224681250694,0.6426350609090521,0.82,0.5542778321826944,0.45862529981805356,0.55,0.3016712880284734,0.69917984866081,0.89,0.4192395426370964,0.5826620766512898,0.74,0.23739498490895317,0.7628410342790909,0.77,0.2594947111745346,0.7308577905000396,0.94,0.18362950657290045,0.8165907915859787,0.94,0.18712946369517025,0.8131246728720428,0.86
29,3,0.91408,0.2616540444612503,0.8446,0.844,1.4008495260146545,480.58500123023987,0.9693665569498596,0.27656239530128635,0.7198572741127668,0.86,0.13251717780242556,0.8674828221975744,0.95,0.36442617478314787,0.6414374430944231,0.74,0.5112481899559498,0.48722379084448425,0.62,0.27421123413749193,0.7264684224216154,0.82,0.40332585592202996,0.5969972456520309,0.84,0.2410452911263208,0.7489234496921311,0.86,0.2167553799268457,0.7846419159471466,0.98,0.164536920515516,0.8412423361105353,0.93,0.17356993678134,0.8243363740445918,0.84
30,3,0.922,0.22151511233329774,0.8579,0.862,1.4088419340503686,496.66176891326904,0.9713891705172647,0.2489983142990315,0.7504558464350674,0.88,0.10471116660918671,0.8967927114928239,0.95,0.31884079448622177,0.6723908629263656,0.92,0.48869845461176364,0.5171637710716043,0.77,0.2358021977308862,0.7590957614527872,0.76,0.34831107963394486,0.6524715038071083,0.72,0.20708497975031104,0.7949346719399969,0.87,0.1866717643593913,0.8133282356406086,0.96,0.1456231858845021,0.8547801392839518,0.9,0.14861366188638292,0.8563951292878245,0.89
31,3,0.93144,0.20585471015930176,0.8703,0.873,1.4168607446371033,513.6159341335297,0.9712946559627297,0.23722450202212156,0.7605090721104085,0.86,0.09711742659221867,0.8984346668065957,0.95,0.2850684766439075,0.7166686289592132,0.85,0.42942359580715395,0.57554711529757,0.68,0.22125499009876987,0.7806109406044517,0.88,0.32051419241505924,0.681437697917299,0.81,0.1799114680509273,0.8150047423182607,0.89,0.17079987452026607,0.829200125479734,0.97,0.14645986656859702,0.8536230404512323,0.96,0.14268928285146473,0.858750660754075,0.88
32,3,0.93632,0.1900685044193268,0.8648,0.876,1.424894966065675,529.7176406383514,0.97123948898852,0.20751278312895827,0.7947017946042957,0.81,0.07736940509345876,0.9226305949065412,0.98,0.27820774398706094,0.7252408609421429,0.91,0.3970490384428781,0.6044205493502774,0.8,0.24285238122624553,0.7601735221592671,0.91,0.31316773414288707,0.6885477361906016,0.76,0.1599556034492039,0.8400443965507961,0.83,0.15672376546955297,0.8444006767623454,0.95,0.12828492028154648,0.8728867136237475,0.9,0.11011638507135307,0.8898836149286469,0.91
33,3,0.9364,0.18653372974395752,0.867,0.863,1.4327998100707768,545.8173241615295,0.9717026279305331,0.19623944765712342,0.8037605523428766,0.73,0.08865023660251717,0.9113497633974827,0.94,0.24330810547274137,0.7578712004018301,0.9,0.3796001000481905,0.6231032637499121,0.7,0.18821191218116187,0.8117880878188382,0.9,0.3072593978092987,0.6931095093260614,0.72,0.16582814823480901,0.8345172637227176,0.87,0.15657674782162256,0.8440428746959826,0.97,0.12039274828863682,0.8796072517113632,0.95,0.1220531499520246,0.8779468500479755,0.95
34,3,0.94408,0.16500932554244996,0.8703,0.876,1.4405115530554704,562.6017894744873,0.9723938814730402,0.1945168515334704,0.8054831484665296,0.82,0.07757320797496825,0.9173247512087053,0.95,0.22745411429668264,0.7745680705910283,0.91,0.3277955754964175,0.6737337221619578,0.72,0.19455509416804154,0.7958274835237178,0.88,0.2688677190726965,0.7260302401109769,0.77,0.15079761620751125,0.8529107944204767,0.91,0.1346024987991657,0.8653975012008344,0.93,0.11969252379957633,0.8803074762004237,0.92,0.09679964463534166,0.8980983145483318,0.95
35,3,0.93784,0.17891044313192367,0.8621,0.858,1.4483969038207767,578.7084541320801,0.9717724088723191,0.18631805148930763,0.8136819485106923,0.81,0.09230085566961481,0.9076991443303852,0.85,0.23946369013140853,0.7561929084560168,0.77,0.3544703088130574,0.6404276503706161,0.85,0.18775667535908502,0.812243324640915,0.89,0.2782506143935001,0.7256076222405013,0.7,0.18803368284953853,0.8127466380478557,0.88,0.14053923388431086,0.8543587252993626,0.87,0.11770393161224296,0.8790955854305399,0.98,0.11340398458664172,0.8865960154133583,0.98
36,4,0.8638181818181818,0.41337154841423035,0.8614,0.864,1.4571180450765906,593.2697286605835,0.9645232808534779,0.4375994453520709,0.5831490777335454,0.87,0.19285642729310407,0.8087084184962064,0.98,0.5603491843049956,0.4615690736966424,0.84,0.6917287109766243,0.3459034002234423,0.82,0.4061388834616505,0.5909932501442178,0.64,0.577756212320352,0.4389669214765173,0.81,0.3556001117469223,0.663504641375851,0.88,0.33467422648018963,0.671397666108448,0.94,0.26193572640917157,0.7438616666910347,0.92,0.29582135671706394,0.7069119577361054,0.94
37,4,0.899090909090909,0.3030750311721455,0.8756,0.892,1.464068294157986,607.9088129997253,0.9717270908214384,0.31994210318987104,0.680057896810129,0.89,0.14432808508072387,0.8556719149192762,0.96,0.4350186132630983,0.570862942288608,0.85,0.5623634769148085,0.45324009244308566,0.82,0.32006628083086813,0.680776646669391,0.87,0.47786642196804807,0.531656300242947,0.82,0.2606886263278876,0.7437910432264014,0.93,0.2582194800434504,0.7431773617376335,0.91,0.1905172158106769,0.8126533950496597,0.95,0.2298522821815717,0.7717077099876533,0.92
38,4,0.9123636363636364,0.2516063045805151,0.8729,0.87,1.470636239902172,622.5537955760956,0.97328226206854,0.2558399348433108,0.7441600651566892,0.8,0.11723362321191727,0.8769524232997107,0.94,0.3542071519159647,0.6478817649402244,0.83,0.504513717668001,0.5088779836200005,0.79,0.25209059041569776,0.7532501770455023,0.86,0.4207151159969007,0.584442141931504,0.78,0.20383362671858524,0.7903524197930427,0.91,0.241364941960688,0.7634592694704161,0.94,0.16681606158403325,0.8367183573149263,0.93,0.1826023729477446,0.8173976270522554,0.92
39,4,0.9234545454545454,0.2198074739412828,0.8546,0.841,1.4770981410417066,638.0140218734741,0.9737136407775723,0.21669928159911273,0.7834052455416599,0.82,0.10540520985802665,0.8945947901419733,0.92,0.3450595830021653,0.6656688406764324,0.72,0.43153465692993515,0.5703643706172358,0.83,0.2063042076722838,0.7936957923277163,0.81,0.3924690780316501,0.6125991659044007,0.73,0.18328866606671634,0.8167113339332837,0.78,0.1740364848568746,0.8259635151431254,0.97,0.1288590662564296,0.8711409337435704,0.9,0.18564136346414967,0.8162744358597529,0.93
40,4,0.928,0.21256602183255283,0.8651,0.852,1.4839293231812414,652.8152163028717,0.9722114430790287,0.2339507802836272,0.77045380890364,0.73,0.1125997848337774,0.8874002151662226,0.84,0.29137754674221195,0.7140445713560248,0.86,0.42432953040440413,0.5783681293819533,0.85,0.19835030756718858,0.8022074990355555,0.82,0.3782894492669161,0.6302574402544387,0.77,0.1606381399328394,0.8393618600671606,0.94,0.17266678924707501,0.827333210752925,0.89,0.13626915174549944,0.8637308482545005,0.9,0.15369424023963293,0.8482615503355276,0.92
41,4,0.9280909090909091,0.2127731953642585,0.8514,0.851,1.490940726890544,667.4489877223969,0.9714783199902904,0.24145699722345831,0.7589113865112669,0.91,0.09278873999359041,0.9072112600064096,0.95,0.29841328305625464,0.6978346801005564,0.82,0.41907581641490377,0.5859872308278153,0.73,0.2131496812487671,0.7829576634617825,0.75,0.3582526667931572,0.642990792137679,0.85,0.16824827649492533,0.8317517235050746,0.79,0.16875844518112582,0.8312415548188742,0.93,0.11395426083178135,0.8806562961976323,0.85,0.1539087548884455,0.8460912451115545,0.93
42,4,0.9404545454545454,0.17295836170695045,0.874,0.87,1.4972866564370557,682.0880012512207,0.9741854014696618,0.17058229141294695,0.8236037550986809,0.81,0.08407215155077295,0.9101138949608549,0.88,0.24307455223183647,0.7569254477681635,0.87,0.36005075037111206,0.6411542192068991,0.74,0.17927724929515618,0.8207227507048438,0.9,0.3108211776084635,0.6961233325243039,0.84,0.16383824072190056,0.8399028247081861,0.87,0.13770607298613677,0.8622939270138632,0.92,0.10863847757397263,0.8913615224260274,0.92,0.13280177964686626,0.8684256740506932,0.95
43,4,0.943,0.1632481556588953,0.8416,0.852,1.5040655609486833,696.742066860199,0.9724241031734484,0.19046921069668823,0.8073539105460568,0.88,0.08545377517980553,0.9145462248201944,0.99,0.2232350822188553,0.7767649177811446,0.78,0.33144118335791106,0.669564054520844,0.82,0.158440912370658,0.8415590876293421,0.87,0.27840072701165325,0.7161526532226437,0.88,0.12400838144420176,0.8759916185557982,0.84,0.12958686885970164,0.8704131311402984,0.75,0.09592248983447695,0.9040775101655231,0.94,0.11556512370433729,0.8844348762956628,0.77
44,4,0.9444545454545454,0.15885810007290407,0.8578,0.865,1.51040555535566,711.9462130069733,0.9742095450160398,0.15689536690885245,0.8431046330911476,0.77,0.08115957833829164,0.9188404216617083,0.92,0.2393132041663278,0.7643442636702297,0.87,0.32209527145443095,0.6820494040554432,0.74,0.14384295502379754,0.856229612245062,0.91,0.28004821908097105,0.7232578932361807,0.65,0.11582291448593064,0.8841770855140694,0.94,0.12688265803594836,0.8731173419640517,0.97,0.09216261068641596,0.907837389313584,0.94,0.11515458222941583,0.8819202706197461,0.94
45,4,0.9533636363636364,0.13758053983883425,0.8755,0.873,1.5164502950533345,727.0226929187775,0.9754106112631451,0.14692295021052623,0.8530770497894737,0.84,0.07507830264709947,0.9259806417889073,0.98,0.20753895105702022,0.794123528526587,0.87,0.2892762144139513,0.7049098320976767,0.68,0.1383327974374054,0.8627558633794082,0.86,0.2642250779940378,0.7379013502829557,0.8,0.11983116262160555,0.8801808567243211,0.93,0.12522314340772872,0.8747768565922712,0.94,0.08130340868008842,0.9186965913199115,0.9,0.08642338107833787,0.9135766189216621,0.93
46,5,0.8713636363636363,0.3829698907028545,0.8647,0.858,1.5251294655533345,741.5793402194977,0.9646940136363452,0.4081343309953809,0.6062378687784076,0.76,0.17560483793748394,0.8233565206319052,0.95,0.5294897483152792,0.4924539386912054,0.85,0.5794428470436224,0.4378068307198064,0.74,0.4166412421902858,0.5891477833881021,0.82,0.6347224573539787,0.40565081809235864,0.84,0.3035609207035186,0.6964390792964814,0.86,0.3331962276884994,0.6777555075640584,0.9,0.25860718634963675,0.7450584050455418,0.93,0.23442559634256827,0.7676426002757115,0.93
47,5,0.9043636363636364,0.28294015060771593,0.8456,0.841,1.5320882105998461,756.2481997013092,0.9716925300960159,0.2883062426563959,0.7150131344665275,0.79,0.13228737492004336,0.867848964467185,0.9,0.3804608920838164,0.6250765630812926,0.78,0.4756268223877563,0.5309748078674771,0.57,0.2986076881832898,0.7034826210651244,0.88,0.5312024156974499,0.48564866709327975,0.79,0.22268321190968826,0.7773167880903117,0.87,0.24574375636591358,0.7544230895102035,1.0,0.2112901970454533,0.7853865182620042,0.94,0.19264315647549582,0.8095632452940091,0.89
48,5,0.92,0.23449825768037275,0.8532,0.838,1.5385001095765902,770.9348335266113,0.9739170445104101,0.23895991763619837,0.7665512802967325,0.84,0.11358023150681915,0.8864197684931808,0.88,0.3423742381727247,0.66368872550151,0.58,0.4455244918137269,0.5636196861498405,0.66,0.23459036198720812,0.7654096380127918,0.81,0.4545783829810314,0.5516462721537019,0.85,0.19387751496004396,0.8061224850399561,0.88,0.21152014852376916,0.7884798514762309,0.99,0.14567330251909796,0.8543266974809021,0.92,0.15468406246780136,0.8453159375321987,0.97
49,5,0.9267272727272727,0.21541130458224902,0.8311,0.841,1.545378300983567,785.9474050998688,0.9720202141412786,0.22551906138095398,0.774480938619046,0.74,0.08723864029118801,0.9069474062204399,0.96,0.31079075902667935,0.6940055900053013,0.75,0.41344818191299604,0.5918430111176053,0.68,0.2489451728409243,0.7528632390123338,0.95,0.41841278342140276,0.5853491193766511,0.86,0.1729474285200203,0.8270525714799797,0.7,0.1920993337624295,0.8092087241279524,0.91,0.1344448948154507,0.8674841589180645,0.95,0.1335895219641781,0.8678716859024906,0.91
50,5,0.9312727272727273,0.19663437158411198,0.8698,0.877,1.552039065495195,801.2940635681152,0.9729046847254522,0.19938919062152244,0.8006108093784775,0.82,0.09006440918827037,0.9099355908117296,0.93,0.2646481016939127,0.7362042350232937,0.86,0.35595057406571023,0.6446350845399984,0.72,0.20564568344961182,0.7967538262797292,0.93,0.3881569410197783,0.6170119744682208,0.8,0.16093669859841359,0.8401940195329844,0.9,0.16270676226934505,0.8387517058628958,0.96,0.11826795875467089,0.8817320412453291,0.96,0.12933491549771386,0.8716887263547315,0.89
51,5,0.9404545454545454,0.17711895524371754,0.8607,0.859,1.5585071359719391,815.7942705154419,0.9736885445387792,0.1726206412733814,0.8174129076583614,0.79,0.08728664289596243,0.9068994036156655,0.94,0.23750471692467326,0.7624952830753268,0.79,0.328980503798744,0.6726774395941648,0.71,0.18578995556941494,0.809648620175214,0.89,0.34864596776166107,0.6475842900433426,0.83,0.15869278693097905,0.841307213069021,0.91,0.1586827791599167,0.8416293717509266,0.92,0.09738066691229612,0.9026193330877039,0.89,0.12593576678316526,0.8757192365759862,0.92
52,5,0.9466363636363636,0.15396345621889287,0.8619,0.868,1.5647454436928694,830.3326590061188,0.9746231961536591,0.1667121073832129,0.827473939128415,0.73,0.06700391972626835,0.9329960802737317,0.92,0.1982954487036697,0.8027022741383029,0.9,0.28001862175784314,0.7199813782421569,0.77,0.16180156296942122,0.8323844835422066,0.86,0.2894700561740793,0.7047159903375486,0.86,0.12086873802746954,0.8800465869377191,0.87,0.1400518339688397,0.8548216710302323,0.92,0.11170847873248466,0.8882915212675153,0.89,0.10495023513371855,0.8950497648662814,0.96
53,5,0.9495454545454546,0.1400964270179922,0.862,0.872,1.5710918279486832,844.9809272289276,0.974183551758284,0.1340832647334156,0.8659167352665844,0.81,0.06534280444686486,0.9288432420647631,0.96,0.19411137779270363,0.805957272203455,0.83,0.26788904534945224,0.7331251623352643,0.81,0.14208383746391032,0.8579161625360897,0.92,0.2738679714100219,0.7267752687479261,0.85,0.10552998531987447,0.8944700146801255,0.87,0.11818403367502724,0.8818159663249727,0.89,0.0975309602793057,0.9024690397206943,0.9,0.1023498295771153,0.8976501704228848,0.88
54,5,0.952,0.13997924785180527,0.8641,0.86,1.577222354471939,859.7158739566803,0.9750616391471861,0.11911100788085266,0.8808889921191473,0.81,0.05824976225318588,0.9417502377468141,0.94,0.18751762751767379,0.8126589283709236,0.79,0.27557047905378734,0.7246196826345959,0.76,0.1532929875652054,0.8467070124347946,0.85,0.2825020185650088,0.7175550535754409,0.85,0.10335968955881304,0.89805582510994,0.88,0.1411329956723886,0.859982529512287,0.93,0.08075290090501307,0.9192470990949869,0.9,0.09835096042081924,0.9070755233711087,0.89
55,5,0.9589090909090909,0.11904272490739823,0.847,0.853,1.5830117001347297,875.1564729213715,0.9764495283247432,0.11659117804591132,0.8834088219540887,0.8,0.05381979745060943,0.9461802025493906,0.92,0.169381512500898,0.8253332091898787,0.83,0.24958520458718805,0.750414795412812,0.66,0.1188384261984665,0.8753476203131614,0.85,0.23808705197379187,0.7628147053108605,0.89,0.09674169587243489,0.8928976771472493,0.92,0.10598310149433991,0.888202945017288,0.92,0.07729190991347762,0.9227080900865224,0.81,0.07656527454343821,0.9234347254565618,0.93
